INSERT INTO "public"."achievements" (
        "achievement_id",
        "title",
        "description",
        "icon_url",
        "required_condition",
        "points_reward"
    )
VALUES (
        6,
        'Người mới bắt đầu',
        'Hoàn thành buổi học đầu tiên của bạn.',
        '',
        'Hoàn thành 1 bài học',
        10
    );
INSERT INTO "public"."achievements" (
        "achievement_id",
        "title",
        "description",
        "icon_url",
        "required_condition",
        "points_reward"
    )
VALUES (
        7,
        'Người học chăm chỉ',
        'Hoàn thành 10 bài học liên tiếp.',
        '',
        'Hoàn thành 10 bài học liên tiếp',
        50
    );
INSERT INTO "public"."achievements" (
        "achievement_id",
        "title",
        "description",
        "icon_url",
        "required_condition",
        "points_reward"
    )
VALUES (
        8,
        'Bậc thầy từ vựng',
        'Học được 100 từ vựng mới.',
        '',
        'Học 100 từ vựng',
        100
    );
INSERT INTO "public"."achievements" (
        "achievement_id",
        "title",
        "description",
        "icon_url",
        "required_condition",
        "points_reward"
    )
VALUES (
        9,
        'Chuyên gia ngữ pháp',
        'Hoàn thành 20 bài học ngữ pháp.',
        '',
        'Hoàn thành 20 bài ngữ pháp',
        100
    );
INSERT INTO "public"."achievements" (
        "achievement_id",
        "title",
        "description",
        "icon_url",
        "required_condition",
        "points_reward"
    )
VALUES (
        10,
        'Kỷ lục gia',
        'Duy trì chuỗi học tập 7 ngày liên tiếp.',
        '',
        'Đạt 7 ngày streak',
        70
    );
INSERT INTO "public"."achievements" (
        "achievement_id",
        "title",
        "description",
        "icon_url",
        "required_condition",
        "points_reward"
    )
VALUES (
        11,
        'Kỷ lục gia bạc',
        'Duy trì chuỗi học tập 30 ngày liên tiếp.',
        '',
        'Đạt 30 ngày streak',
        200
    );
INSERT INTO "public"."achievements" (
        "achievement_id",
        "title",
        "description",
        "icon_url",
        "required_condition",
        "points_reward"
    )
VALUES (
        12,
        'Kỷ lục gia vàng',
        'Duy trì chuỗi học tập 100 ngày liên tiếp.',
        '',
        'Đạt 100 ngày streak',
        500
    );
INSERT INTO "public"."achievements" (
        "achievement_id",
        "title",
        "description",
        "icon_url",
        "required_condition",
        "points_reward"
    )
VALUES (
        13,
        'Bậc thầy thành ngữ',
        'Hoàn thành 5 thử thách thành ngữ hàng ngày.',
        '',
        'Hoàn thành 5 thử thách thành ngữ',
        75
    );
INSERT INTO "public"."achievements" (
        "achievement_id",
        "title",
        "description",
        "icon_url",
        "required_condition",
        "points_reward"
    )
VALUES (
        14,
        'Bậc thầy đoán từ',
        'Đoán đúng từ trong nhiều nhất 3 lần thử',
        '',
        'Đoán đúng từ nhanh chóng',
        30
    );
INSERT INTO "public"."achievements" (
        "achievement_id",
        "title",
        "description",
        "icon_url",
        "required_condition",
        "points_reward"
    )
VALUES (
        15,
        'Thiên tài ghép cặp',
        'Ghép đúng tất cả các cặp từ trong trò chơi liên kết từ.',
        '',
        'Ghép đúng tất cả các cặp từ',
        40
    );
INSERT INTO "public"."achievements" (
        "achievement_id",
        "title",
        "description",
        "icon_url",
        "required_condition",
        "points_reward"
    )
VALUES (
        16,
        'Chuyên gia câu',
        'Hoàn thành 5 thử thách sắp xếp câu.',
        '',
        'Hoàn thành 5 thử thách sắp xếp câu',
        75
    );
INSERT INTO "public"."achievements" (
        "achievement_id",
        "title",
        "description",
        "icon_url",
        "required_condition",
        "points_reward"
    )
VALUES (
        17,
        'Học giả',
        'Đạt cấp độ 10.',
        '',
        'Đạt cấp độ 10',
        100
    );
INSERT INTO "public"."achievements" (
        "achievement_id",
        "title",
        "description",
        "icon_url",
        "required_condition",
        "points_reward"
    )
VALUES (
        18,
        'Tiến sĩ ngôn ngữ',
        'Đạt cấp độ 20.',
        '',
        'Đạt cấp độ 20',
        200
    );
INSERT INTO "public"."achievements" (
        "achievement_id",
        "title",
        "description",
        "icon_url",
        "required_condition",
        "points_reward"
    )
VALUES (
        19,
        'Nhà thám hiểm',
        'Thử tất cả các loại trò chơi trong ứng dụng.',
        '',
        'Thử tất cả các loại trò chơi',
        50
    );
INSERT INTO "public"."achievements" (
        "achievement_id",
        "title",
        "description",
        "icon_url",
        "required_condition",
        "points_reward"
    )
VALUES (
        20,
        'Siêu sao bảng xếp hạng',
        'Lọt vào top 10 bảng xếp hạng tuần.',
        '',
        'Top 10 bảng xếp hạng tuần',
        100
    );
INSERT INTO "public"."achievements" (
        "achievement_id",
        "title",
        "description",
        "icon_url",
        "required_condition",
        "points_reward"
    )
VALUES (
        21,
        'Quán quân',
        'Đứng đầu bảng xếp hạng trong một tuần.',
        '',
        'Đứng đầu bảng xếp hạng tuần',
        250
    );
INSERT INTO "public"."achievements" (
        "achievement_id",
        "title",
        "description",
        "icon_url",
        "required_condition",
        "points_reward"
    )
VALUES (
        22,
        'Kiên trì',
        'Học lại các từ vựng trong danh sách ôn tập 10 lần.',
        '',
        'Ôn tập 10 lần',
        80
    );
INSERT INTO "public"."achievements" (
        "achievement_id",
        "title",
        "description",
        "icon_url",
        "required_condition",
        "points_reward"
    )
VALUES (
        23,
        'Phát âm hoàn hảo',
        'Đạt điểm tối đa trong bài tập phát âm.',
        '',
        'Điểm tối đa bài tập phát âm',
        60
    );
INSERT INTO "public"."categories" (
        "category_id",
        "category_name",
        "description",
        "difficulty_level",
        "order_index",
        "total_words",
        "total_grammar",
        "status",
        "is_vocabulary_course"
    )
VALUES (
        12,
        'Ngữ pháp C2',
        'Củng cố và mở rộng mọi cấu trúc ngữ pháp từ cơ bản đến nâng cao, bao gồm mệnh đề danh động từ, danh từ hóa, cấu trúc đảo ngữ phức tạp, cách sử dụng gián tiếp đa cấp. Phù hợp cho nghiên cứu ngôn ngữ chuyên sâu và viết luận học thuật cấp độ cao.',
        6,
        6,
        0,
        0,
        'active',
        'f'
    );
INSERT INTO "public"."categories" (
        "category_id",
        "category_name",
        "description",
        "difficulty_level",
        "order_index",
        "total_words",
        "total_grammar",
        "status",
        "is_vocabulary_course"
    )
VALUES (
        3,
        'Từ vựng B1',
        'Bao gồm các chủ đề quen thuộc và phức tạp hơn như công việc, du lịch, sức khỏe, giáo dục. Từ vựng cấp B1 cho phép người học hiểu và sử dụng ngôn ngữ để mô tả trải nghiệm, sự kiện và đưa ra lý do, giải thích về quan điểm riêng. Thích hợp cho giao tiếp hàng ngày ở mức độ độc lập.',
        3,
        3,
        0,
        -1,
        'active',
        't'
    );
INSERT INTO "public"."categories" (
        "category_id",
        "category_name",
        "description",
        "difficulty_level",
        "order_index",
        "total_words",
        "total_grammar",
        "status",
        "is_vocabulary_course"
    )
VALUES (
        7,
        'Ngữ pháp A1',
        'Giới thiệu cấu trúc ngữ pháp cơ bản nhất: câu khẳng định, phủ định, câu hỏi đơn giản với thì hiện tại đơn. Học viên sẽ làm quen với vị trí chủ ngữ – vị ngữ, mạo từ “a/an/the” và các đại từ nhân xưng. Mục tiêu là xây dựng nền tảng để ghép câu đơn giản.',
        1,
        1,
        0,
        1,
        'active',
        'f'
    );
INSERT INTO "public"."categories" (
        "category_id",
        "category_name",
        "description",
        "difficulty_level",
        "order_index",
        "total_words",
        "total_grammar",
        "status",
        "is_vocabulary_course"
    )
VALUES (
        2,
        'Từ vựng A2',
        'Mở rộng thêm các từ vựng về các tình huống giao tiếp cơ bản, như đi mua sắm, hỏi đường, nói về sở thích cá nhân. Các từ vựng ở cấp độ này giúp người học diễn đạt các nhu cầu đơn giản và tiếp cận các bài đọc ngắn. Cung cấp nền tảng để phát triển thêm kỹ năng nghe – nói sơ cấp.',
        2,
        2,
        0,
        -1,
        'active',
        't'
    );
INSERT INTO "public"."categories" (
        "category_id",
        "category_name",
        "description",
        "difficulty_level",
        "order_index",
        "total_words",
        "total_grammar",
        "status",
        "is_vocabulary_course"
    )
VALUES (
        1,
        'Từ vựng A1',
        'Gồm các từ cơ bản và thông dụng nhất trong tiếng Anh, giúp người học hình thành vốn từ vựng nền tảng. Phù hợp cho những ai mới bắt đầu, với các chủ đề hàng ngày như gia đình, đồ ăn, màu sắc, con số. Mục tiêu là tự tin nhận biết và sử dụng từ ở mức độ rất sơ cấp.',
        1,
        1,
        0,
        -2,
        'active',
        't'
    );
INSERT INTO "public"."categories" (
        "category_id",
        "category_name",
        "description",
        "difficulty_level",
        "order_index",
        "total_words",
        "total_grammar",
        "status",
        "is_vocabulary_course"
    )
VALUES (
        5,
        'Từ vựng C1',
        'Giúp người học sử dụng ngôn ngữ hiệu quả trong môi trường học thuật và nghề nghiệp. Bao gồm các từ vựng mang tính trừu tượng, thuật ngữ chuyên môn ở nhiều chủ đề. Mục tiêu là hiểu và tạo ra văn bản phức tạp, sử dụng ngôn ngữ linh hoạt cho mục đích xã hội, học thuật và nghề nghiệp.',
        5,
        5,
        0,
        -1,
        'active',
        't'
    );
INSERT INTO "public"."categories" (
        "category_id",
        "category_name",
        "description",
        "difficulty_level",
        "order_index",
        "total_words",
        "total_grammar",
        "status",
        "is_vocabulary_course"
    )
VALUES (
        9,
        'Ngữ pháp B1',
        'Bao gồm các thì hoàn thành (hiện tại hoàn thành, quá khứ hoàn thành), thể bị động ở cấp độ cơ bản và các mệnh đề quan hệ định tính. Giúp người học diễn đạt kinh nghiệm, kết quả, sự kiện trong quá khứ và mô tả đối tượng chi tiết hơn. Mục tiêu là hiểu và tạo câu phức.',
        3,
        3,
        0,
        2,
        'active',
        'f'
    );
INSERT INTO "public"."categories" (
        "category_id",
        "category_name",
        "description",
        "difficulty_level",
        "order_index",
        "total_words",
        "total_grammar",
        "status",
        "is_vocabulary_course"
    )
VALUES (
        4,
        'Từ vựng B2',
        'Mở rộng vốn từ chuyên sâu về các lĩnh vực xã hội, khoa học, văn hóa và công nghệ. Người học có thể hiểu hầu hết văn bản chuẩn và tham gia thảo luận với ngôn ngữ rõ ràng, chi tiết. Cung cấp khả năng bàn luận về lợi ích và bất lợi của nhiều lựa chọn khác nhau.',
        4,
        4,
        0,
        -1,
        'active',
        't'
    );
INSERT INTO "public"."categories" (
        "category_id",
        "category_name",
        "description",
        "difficulty_level",
        "order_index",
        "total_words",
        "total_grammar",
        "status",
        "is_vocabulary_course"
    )
VALUES (
        10,
        'Ngữ pháp B2',
        'Mở rộng thể bị động, mệnh đề quan hệ kết hợp, câu gián tiếp (reported speech) và câu điều kiện loại 0, 1, 2. Học viên có thể diễn đạt tình huống giả định, đưa ra dự đoán, lời khuyên. Tập trung vào cấu trúc câu phức tạp và liên kết ý mạch lạc.',
        4,
        4,
        0,
        1,
        'active',
        'f'
    );
INSERT INTO "public"."categories" (
        "category_id",
        "category_name",
        "description",
        "difficulty_level",
        "order_index",
        "total_words",
        "total_grammar",
        "status",
        "is_vocabulary_course"
    )
VALUES (
        8,
        'Ngữ pháp A2',
        'Mở rộng sang thì quá khứ đơn, hiện tại tiếp diễn và quá khứ tiếp diễn, cùng các liên từ cơ bản (and, but, because). Học viên có thể diễn đạt hành động đã xảy ra, đang diễn ra hoặc hai hành động song song. Tập trung vào cấu trúc câu đơn và mệnh đề phụ đơn giản.',
        2,
        2,
        0,
        1,
        'active',
        'f'
    );
INSERT INTO "public"."categories" (
        "category_id",
        "category_name",
        "description",
        "difficulty_level",
        "order_index",
        "total_words",
        "total_grammar",
        "status",
        "is_vocabulary_course"
    )
VALUES (
        6,
        'Từ vựng C2',
        'Cấp độ cao nhất, với từ vựng chuyên sâu và sắc thái ngữ nghĩa tinh tế; bao gồm thành ngữ, tục ngữ, từ mượn. Người học có thể hiểu hầu hết mọi thứ nghe và đọc, tóm tắt thông tin, diễn giải lập luận từ nhiều nguồn. Phù hợp cho việc nghiên cứu, thảo luận chuyên sâu và viết luận phong phú.',
        6,
        6,
        0,
        -1,
        'active',
        't'
    );
INSERT INTO "public"."categories" (
        "category_id",
        "category_name",
        "description",
        "difficulty_level",
        "order_index",
        "total_words",
        "total_grammar",
        "status",
        "is_vocabulary_course"
    )
VALUES (
        11,
        'Ngữ pháp C1',
        'Chuyên sâu về mệnh đề điều kiện loại 3, câu chẻ (cleft sentences), cấu trúc đảo ngữ, dùng động từ khuyết thiếu (modals) ở dạng hoàn thành. Mục tiêu là sử dụng ngữ pháp linh hoạt cho bài viết học thuật và thuyết trình. Học viên làm chủ các biến thể câu nâng cao.',
        5,
        5,
        0,
        2,
        'active',
        'f'
    );
INSERT INTO "public"."game_activities" (
        "activity_id",
        "game_type_id",
        "activity_name",
        "description",
        "skill_focus",
        "difficulty_level",
        "time_limit_seconds",
        "instructions",
        "points_reward"
    )
VALUES (
        1,
        1,
        'Đoán từ hàng ngày',
        'Đoán từ tiếng Anh trong 6 lần thử',
        'vocabulary',
        2,
        60,
        NULL,
        10
    );
INSERT INTO "public"."game_activities" (
        "activity_id",
        "game_type_id",
        "activity_name",
        "description",
        "skill_focus",
        "difficulty_level",
        "time_limit_seconds",
        "instructions",
        "points_reward"
    )
VALUES (
        2,
        2,
        'Xếp câu hàng ngày',
        'Sắp xếp các từ để tạo thành câu hoàn chỉnh',
        'grammar',
        1,
        90,
        NULL,
        10
    );
INSERT INTO "public"."game_activities" (
        "activity_id",
        "game_type_id",
        "activity_name",
        "description",
        "skill_focus",
        "difficulty_level",
        "time_limit_seconds",
        "instructions",
        "points_reward"
    )
VALUES (
        3,
        3,
        'Liên kết từ',
        'Tìm từ liên quan đến từ gợi ý',
        'vocabulary',
        3,
        NULL,
        NULL,
        10
    );
INSERT INTO "public"."game_activities" (
        "activity_id",
        "game_type_id",
        "activity_name",
        "description",
        "skill_focus",
        "difficulty_level",
        "time_limit_seconds",
        "instructions",
        "points_reward"
    )
VALUES (
        4,
        4,
        'Thử thách thành ngữ',
        'Đoán nghĩa của thành ngữ tiếng Anh',
        'idiom',
        3,
        NULL,
        NULL,
        10
    );
INSERT INTO "public"."game_questions" (
        "question_id",
        "activity_id",
        "question_type",
        "question_text",
        "correct_answer",
        "options",
        "hint",
        "explanation",
        "difficulty_level",
        "points",
        "media_url",
        "related_word_id",
        "related_grammar_id"
    )
VALUES (
        1,
        1,
        'word-guess',
        'Guess the word',
        'apple',
        '["apple", "beach", "cloud", "dream", "earth"]',
        'Bắt đầu bằng A',
        NULL,
        2,
        5,
        NULL,
        NULL,
        NULL
    );
INSERT INTO "public"."game_questions" (
        "question_id",
        "activity_id",
        "question_type",
        "question_text",
        "correct_answer",
        "options",
        "hint",
        "explanation",
        "difficulty_level",
        "points",
        "media_url",
        "related_word_id",
        "related_grammar_id"
    )
VALUES (
        2,
        1,
        'word-guess',
        'Guess the word',
        'beach',
        '["apple", "beach", "cloud", "dream", "earth"]',
        'Có 5 chữ cái',
        NULL,
        2,
        5,
        NULL,
        NULL,
        NULL
    );
INSERT INTO "public"."game_questions" (
        "question_id",
        "activity_id",
        "question_type",
        "question_text",
        "correct_answer",
        "options",
        "hint",
        "explanation",
        "difficulty_level",
        "points",
        "media_url",
        "related_word_id",
        "related_grammar_id"
    )
VALUES (
        3,
        2,
        'sentence-scramble',
        'Sắp xếp các từ thành câu hoàn chỉnh',
        'I go to school every day',
        '["I", "go", "to", "school", "every", "day"]',
        NULL,
        NULL,
        1,
        5,
        NULL,
        NULL,
        NULL
    );
INSERT INTO "public"."game_questions" (
        "question_id",
        "activity_id",
        "question_type",
        "question_text",
        "correct_answer",
        "options",
        "hint",
        "explanation",
        "difficulty_level",
        "points",
        "media_url",
        "related_word_id",
        "related_grammar_id"
    )
VALUES (
        4,
        2,
        'sentence-scramble',
        'Sắp xếp các từ thành câu hoàn chỉnh',
        'She likes to read books',
        '["She", "likes", "to", "read", "books"]',
        NULL,
        NULL,
        1,
        5,
        NULL,
        NULL,
        NULL
    );
INSERT INTO "public"."game_questions" (
        "question_id",
        "activity_id",
        "question_type",
        "question_text",
        "correct_answer",
        "options",
        "hint",
        "explanation",
        "difficulty_level",
        "points",
        "media_url",
        "related_word_id",
        "related_grammar_id"
    )
VALUES (
        5,
        3,
        'word-association',
        'Find the associated word for "hot"',
        'cold',
        NULL,
        NULL,
        NULL,
        3,
        5,
        NULL,
        NULL,
        NULL
    );
INSERT INTO "public"."game_questions" (
        "question_id",
        "activity_id",
        "question_type",
        "question_text",
        "correct_answer",
        "options",
        "hint",
        "explanation",
        "difficulty_level",
        "points",
        "media_url",
        "related_word_id",
        "related_grammar_id"
    )
VALUES (
        6,
        3,
        'word-association',
        'Find the associated word for "day"',
        'night',
        NULL,
        NULL,
        NULL,
        3,
        5,
        NULL,
        NULL,
        NULL
    );
INSERT INTO "public"."game_questions" (
        "question_id",
        "activity_id",
        "question_type",
        "question_text",
        "correct_answer",
        "options",
        "hint",
        "explanation",
        "difficulty_level",
        "points",
        "media_url",
        "related_word_id",
        "related_grammar_id"
    )
VALUES (
        7,
        3,
        'word-association',
        'Find the associated word for "black"',
        'white',
        NULL,
        NULL,
        NULL,
        3,
        5,
        NULL,
        NULL,
        NULL
    );
INSERT INTO "public"."game_questions" (
        "question_id",
        "activity_id",
        "question_type",
        "question_text",
        "correct_answer",
        "options",
        "hint",
        "explanation",
        "difficulty_level",
        "points",
        "media_url",
        "related_word_id",
        "related_grammar_id"
    )
VALUES (
        8,
        4,
        'idiom-challenge',
        'What does "Break a leg" mean?',
        'Good luck',
        NULL,
        NULL,
        'Used to wish someone good luck trước khi biểu diễn',
        3,
        5,
        NULL,
        NULL,
        NULL
    );
INSERT INTO "public"."game_questions" (
        "question_id",
        "activity_id",
        "question_type",
        "question_text",
        "correct_answer",
        "options",
        "hint",
        "explanation",
        "difficulty_level",
        "points",
        "media_url",
        "related_word_id",
        "related_grammar_id"
    )
VALUES (
        9,
        4,
        'idiom-challenge',
        'What does "Piece of cake" mean?',
        'Very easy',
        NULL,
        NULL,
        'Something that is very easy to do',
        3,
        5,
        NULL,
        NULL,
        NULL
    );
INSERT INTO "public"."game_types" (
        "game_type_id",
        "game_name",
        "description",
        "icon_url",
        "instructions"
    )
VALUES (
        1,
        'Đoán từ hàng ngày',
        'Đoán từ tiếng Anh trong 6 lần thử',
        NULL,
        NULL
    );
INSERT INTO "public"."game_types" (
        "game_type_id",
        "game_name",
        "description",
        "icon_url",
        "instructions"
    )
VALUES (
        2,
        'Xếp câu hàng ngày',
        'Sắp xếp các từ để tạo thành câu hoàn chỉnh',
        NULL,
        NULL
    );
INSERT INTO "public"."game_types" (
        "game_type_id",
        "game_name",
        "description",
        "icon_url",
        "instructions"
    )
VALUES (
        3,
        'Liên kết từ',
        'Tìm từ liên quan đến từ gợi ý',
        NULL,
        NULL
    );
INSERT INTO "public"."game_types" (
        "game_type_id",
        "game_name",
        "description",
        "icon_url",
        "instructions"
    )
VALUES (
        4,
        'Thử thách thành ngữ',
        'Đoán nghĩa của thành ngữ tiếng Anh',
        NULL,
        NULL
    );
INSERT INTO "public"."grammar_contents" (
        "content_id",
        "title",
        "explanation",
        "examples",
        "notes",
        "order_index",
        "category_id",
        "image_url",
        "video_url",
        "syntax"
    )
VALUES (
        4,
        'Câu điều kiện loại 1',
        'Câu điều kiện loại 1 mô tả điều có thể xảy ra trong tương lai.',
        'If it rains, I will stay at home.',
        'Dùng thì hiện tại đơn sau “if” và “will” ở mệnh đề chính.',
        1,
        7,
        NULL,
        NULL,
        NULL
    );
INSERT INTO "public"."grammar_contents" (
        "content_id",
        "title",
        "explanation",
        "examples",
        "notes",
        "order_index",
        "category_id",
        "image_url",
        "video_url",
        "syntax"
    )
VALUES (
        1,
        'Động từ to be',
        'Giới thiệu về động từ “to be” (am, is, are) và cách sử dụng với chủ ngữ khác nhau.',
        'I am a student. She is happy. They are friends.',
        'Lưu ý chia đúng “to be” theo chủ ngữ.',
        1,
        9,
        NULL,
        NULL,
        NULL
    );
INSERT INTO "public"."grammar_contents" (
        "content_id",
        "title",
        "explanation",
        "examples",
        "notes",
        "order_index",
        "category_id",
        "image_url",
        "video_url",
        "syntax"
    )
VALUES (
        2,
        'Đại từ nhân xưng',
        'Giải thích về cách dùng đại từ nhân xưng như I, you, he, she...',
        'I am Vỹ. He is my friend.',
        'Chú ý sự khác nhau giữa he/she/it và số nhiều như they.',
        2,
        11,
        NULL,
        NULL,
        NULL
    );
INSERT INTO "public"."grammar_contents" (
        "content_id",
        "title",
        "explanation",
        "examples",
        "notes",
        "order_index",
        "category_id",
        "image_url",
        "video_url",
        "syntax"
    )
VALUES (
        6,
        'Câu bị động nâng cao',
        'Giới thiệu cấu trúc bị động trong các thì hoàn thành và thể giả định.',
        'The project had been completed before the deadline.',
        'Cần nắm vững cấu trúc động từ để chuyển sang bị động đúng cách.',
        1,
        9,
        NULL,
        NULL,
        NULL
    );
INSERT INTO "public"."grammar_contents" (
        "content_id",
        "title",
        "explanation",
        "examples",
        "notes",
        "order_index",
        "category_id",
        "image_url",
        "video_url",
        "syntax"
    )
VALUES (
        5,
        'Mệnh đề quan hệ',
        'Dùng để nối các câu bằng who, which, that...',
        'The man who is talking to my dad is my teacher.',
        'Tránh dùng “that” sau dấu phẩy.',
        1,
        10,
        NULL,
        NULL,
        NULL
    );
INSERT INTO "public"."grammar_contents" (
        "content_id",
        "title",
        "explanation",
        "examples",
        "notes",
        "order_index",
        "category_id",
        "image_url",
        "video_url",
        "syntax"
    )
VALUES (
        3,
        'Thì hiện tại đơn',
        'Mô tả cách dùng thì hiện tại đơn để diễn tả thói quen, sự thật hiển nhiên.',
        'She eats breakfast at 7am. The sun rises in the east.',
        'Thêm “s/es” cho động từ khi chủ ngữ là he/she/it.',
        1,
        8,
        NULL,
        NULL,
        NULL
    );
INSERT INTO "public"."grammar_contents" (
        "content_id",
        "title",
        "explanation",
        "examples",
        "notes",
        "order_index",
        "category_id",
        "image_url",
        "video_url",
        "syntax"
    )
VALUES (
        7,
        'Câu giả định (Subjunctive Mood)',
        'Cách sử dụng câu giả định trong văn phong học thuật.',
        'It is essential that he be present.',
        'Không chia động từ sau that trong câu giả định.',
        1,
        11,
        NULL,
        NULL,
        NULL
    );
INSERT INTO "public"."leaderboard_entries" (
        "entry_id",
        "leaderboard_id",
        "score",
        "rank",
        "updated_at",
        "user_id"
    )
VALUES (
        1,
        1,
        5,
        1,
        '2025-04-22 19:25:01.188882+00',
        'e0fd98d4-5eb1-4d55-a8b9-a1845e8925f9'
    );
INSERT INTO "public"."leaderboard_entries" (
        "entry_id",
        "leaderboard_id",
        "score",
        "rank",
        "updated_at",
        "user_id"
    )
VALUES (
        2,
        3,
        5,
        1,
        '2025-04-22 19:51:19.936+00',
        'e0fd98d4-5eb1-4d55-a8b9-a1845e8925f9'
    );
INSERT INTO "public"."leaderboard_entries" (
        "entry_id",
        "leaderboard_id",
        "score",
        "rank",
        "updated_at",
        "user_id"
    )
VALUES (
        3,
        2,
        5,
        1,
        '2025-04-22 19:51:27.393+00',
        'e0fd98d4-5eb1-4d55-a8b9-a1845e8925f9'
    );
INSERT INTO "public"."leaderboard_entries" (
        "entry_id",
        "leaderboard_id",
        "score",
        "rank",
        "updated_at",
        "user_id"
    )
VALUES (
        8,
        4,
        1015,
        1,
        '2025-04-22 22:05:06.483+00',
        'e0fd98d4-5eb1-4d55-a8b9-a1845e8925f9'
    );
INSERT INTO "public"."leaderboard_entries" (
        "entry_id",
        "leaderboard_id",
        "score",
        "rank",
        "updated_at",
        "user_id"
    )
VALUES (
        6,
        2,
        35,
        NULL,
        '2025-04-23 00:56:25.44+00',
        '95a5bb3b-93e3-46c6-92a5-8a1ba68dc822'
    );
INSERT INTO "public"."leaderboard_entries" (
        "entry_id",
        "leaderboard_id",
        "score",
        "rank",
        "updated_at",
        "user_id"
    )
VALUES (
        7,
        3,
        35,
        NULL,
        '2025-04-23 00:56:26.22+00',
        '95a5bb3b-93e3-46c6-92a5-8a1ba68dc822'
    );
INSERT INTO "public"."leaderboard_entries" (
        "entry_id",
        "leaderboard_id",
        "score",
        "rank",
        "updated_at",
        "user_id"
    )
VALUES (
        9,
        4,
        20,
        NULL,
        '2025-04-23 00:56:26.819+00',
        '95a5bb3b-93e3-46c6-92a5-8a1ba68dc822'
    );
INSERT INTO "public"."leaderboard_entries" (
        "entry_id",
        "leaderboard_id",
        "score",
        "rank",
        "updated_at",
        "user_id"
    )
VALUES (
        10,
        5,
        1035,
        1,
        '2025-05-11 16:58:20.573+00',
        'e0fd98d4-5eb1-4d55-a8b9-a1845e8925f9'
    );
INSERT INTO "public"."leaderboard_entries" (
        "entry_id",
        "leaderboard_id",
        "score",
        "rank",
        "updated_at",
        "user_id"
    )
VALUES (
        11,
        6,
        1035,
        1,
        '2025-05-11 16:58:46.745+00',
        'e0fd98d4-5eb1-4d55-a8b9-a1845e8925f9'
    );
INSERT INTO "public"."leaderboard_entries" (
        "entry_id",
        "leaderboard_id",
        "score",
        "rank",
        "updated_at",
        "user_id"
    )
VALUES (
        12,
        8,
        1035,
        1,
        '2025-05-11 17:06:16.242+00',
        'e0fd98d4-5eb1-4d55-a8b9-a1845e8925f9'
    );
INSERT INTO "public"."leaderboard_entries" (
        "entry_id",
        "leaderboard_id",
        "score",
        "rank",
        "updated_at",
        "user_id"
    )
VALUES (
        13,
        9,
        1035,
        1,
        '2025-05-12 15:12:06.527+00',
        'e0fd98d4-5eb1-4d55-a8b9-a1845e8925f9'
    );
INSERT INTO "public"."leaderboards" (
        "leaderboard_id",
        "name",
        "period_type",
        "start_date",
        "end_date"
    )
VALUES (
        1,
        'Bảng xếp hạng Tuần 16, 2025',
        'weekly',
        '2025-04-14',
        '2025-04-20'
    );
INSERT INTO "public"."leaderboards" (
        "leaderboard_id",
        "name",
        "period_type",
        "start_date",
        "end_date"
    )
VALUES (
        2,
        'Bảng xếp hạng Tháng 4, 2025',
        'monthly',
        '2025-04-01',
        '2025-04-30'
    );
INSERT INTO "public"."leaderboards" (
        "leaderboard_id",
        "name",
        "period_type",
        "start_date",
        "end_date"
    )
VALUES (
        3,
        'Weekly Leaderboard',
        'weekly',
        '2025-04-20',
        '2025-04-27'
    );
INSERT INTO "public"."leaderboards" (
        "leaderboard_id",
        "name",
        "period_type",
        "start_date",
        "end_date"
    )
VALUES (
        4,
        'AllTime Leaderboard',
        'allTime',
        '1970-01-01',
        NULL
    );
INSERT INTO "public"."leaderboards" (
        "leaderboard_id",
        "name",
        "period_type",
        "start_date",
        "end_date"
    )
VALUES (
        5,
        'Weekly Leaderboard',
        'weekly',
        '2025-05-04',
        '2025-05-11'
    );
INSERT INTO "public"."leaderboards" (
        "leaderboard_id",
        "name",
        "period_type",
        "start_date",
        "end_date"
    )
VALUES (
        6,
        'Weekly Leaderboard',
        'weekly',
        '2025-05-05',
        '2025-05-12'
    );
INSERT INTO "public"."leaderboards" (
        "leaderboard_id",
        "name",
        "period_type",
        "start_date",
        "end_date"
    )
VALUES (
        7,
        'Weekly Leaderboard',
        'weekly',
        '2025-05-11',
        '2025-05-18'
    );
INSERT INTO "public"."leaderboards" (
        "leaderboard_id",
        "name",
        "period_type",
        "start_date",
        "end_date"
    )
VALUES (
        8,
        'Monthly Leaderboard',
        'monthly',
        '2025-05-01',
        '2025-05-31'
    );
INSERT INTO "public"."leaderboards" (
        "leaderboard_id",
        "name",
        "period_type",
        "start_date",
        "end_date"
    )
VALUES (
        9,
        'Weekly Leaderboard',
        'weekly',
        '2025-05-12',
        '2025-05-19'
    );
INSERT INTO "public"."levels" (
        "level_id",
        "level_number",
        "level_name",
        "points_required",
        "description",
        "badge_url"
    )
VALUES (
        1,
        1,
        'Người mới bắt đầu',
        0,
        'Bắt đầu hành trình học tập của bạn',
        'https://example.com/badge1.png'
    );
INSERT INTO "public"."levels" (
        "level_id",
        "level_number",
        "level_name",
        "points_required",
        "description",
        "badge_url"
    )
VALUES (
        2,
        2,
        'Học viên chăm chỉ',
        1000,
        'Đã tích lũy 100 điểm đầu tiên',
        'https://example.com/badge2.png'
    );
INSERT INTO "public"."levels" (
        "level_id",
        "level_number",
        "level_name",
        "points_required",
        "description",
        "badge_url"
    )
VALUES (
        3,
        3,
        'Chuyên gia ngôn ngữ',
        2500,
        'Đạt mốc 250 điểm, vững vàng kiến thức',
        'https://example.com/badge3.png'
    );
INSERT INTO "public"."levels" (
        "level_id",
        "level_number",
        "level_name",
        "points_required",
        "description",
        "badge_url"
    )
VALUES (
        4,
        4,
        'Quán quân tốc độ',
        5000,
        'Hoàn thành khóa học nhanh nhất',
        'https://example.com/badge4.png'
    );
INSERT INTO "public"."levels" (
        "level_id",
        "level_number",
        "level_name",
        "points_required",
        "description",
        "badge_url"
    )
VALUES (
        5,
        5,
        'Bậc thầy ngữ pháp',
        10000,
        'Thành thạo mọi ngữ pháp cơ bản và nâng cao',
        'https://example.com/badge5.png'
    );
INSERT INTO "public"."vocabulary_words" (
        "word_id",
        "category_id",
        "word",
        "pronunciation",
        "part_of_speech",
        "definition",
        "example_sentence",
        "audio_url",
        "difficulty_level",
        "paronymWords",
        "definitions",
        "image_url",
        "video_url"
    )
VALUES (
        2,
        1,
        'ball',
        'bɔːl',
        'noun',
        'Quả bóng: Vật tròn dùng trong các trò chơi thể thao.',
        'Ví dụ: Trẻ em chơi bóng trong sân.',
        'https://api.dictionaryapi.dev/media/pronunciations/en/ball-us.mp3',
        1,
        '{ball1,ball2,ball3}',
        '[{"definition": "Quả bóng được dùng trong nhiều môn thể thao."}]',
        'https://cdn.pixabay.com/photo/2017/06/14/08/20/soccer-2401325_1280.jpg',
        NULL
    );
INSERT INTO "public"."vocabulary_words" (
        "word_id",
        "category_id",
        "word",
        "pronunciation",
        "part_of_speech",
        "definition",
        "example_sentence",
        "audio_url",
        "difficulty_level",
        "paronymWords",
        "definitions",
        "image_url",
        "video_url"
    )
VALUES (
        1,
        1,
        'apple',
        'ˈæp.əl',
        'noun',
        'Quả táo: Một loại trái cây ngọt, giòn và bổ dưỡng.',
        'Ví dụ: Tôi ăn một quả táo vào buổi sáng.',
        'https://api.dictionaryapi.dev/media/pronunciations/en/apple-us.mp3',
        1,
        '{apple1,apple2,apple3}',
        '[{"definition": "Quả táo thường có màu đỏ, xanh hoặc vàng."}]',
        'https://cdn.pixabay.com/photo/2014/02/01/17/28/apple-256261_1280.jpg',
        NULL
    );
INSERT INTO "public"."vocabulary_words" (
        "word_id",
        "category_id",
        "word",
        "pronunciation",
        "part_of_speech",
        "definition",
        "example_sentence",
        "audio_url",
        "difficulty_level",
        "paronymWords",
        "definitions",
        "image_url",
        "video_url"
    )
VALUES (
        3,
        1,
        'cat',
        'kæt',
        'noun',
        'Con mèo: Động vật nuôi có bộ lông mềm mại và tính cách tinh nghịch.',
        'Ví dụ: Con mèo đang ngủ trên ghế.',
        'https://api.dictionaryapi.dev/media/pronunciations/en/cat-us.mp3',
        1,
        '{cat1,cat2,cat3}',
        '[{"definition": "Mèo là loài vật nuôi phổ biến trong gia đình."}]',
        'https://cdn.pixabay.com/photo/2014/11/30/17/14/cat-551554_1280.jpg',
        NULL
    );
INSERT INTO "public"."vocabulary_words" (
        "word_id",
        "category_id",
        "word",
        "pronunciation",
        "part_of_speech",
        "definition",
        "example_sentence",
        "audio_url",
        "difficulty_level",
        "paronymWords",
        "definitions",
        "image_url",
        "video_url"
    )
VALUES (
        4,
        1,
        'dog',
        'dɔːɡ',
        'noun',
        'Con chó: Động vật trung thành, thường được nuôi làm thú cưng.',
        'Ví dụ: Con chó sủa khi có người lạ đến gần.',
        'https://api.dictionaryapi.dev/media/pronunciations/en/dog-us.mp3',
        1,
        '{dog1,dog2,dog3}',
        '[{"definition": "Chó được xem là người bạn trung thành của con người."}]',
        'https://cdn.pixabay.com/photo/2016/12/28/15/36/dog-1935950_1280.jpg',
        NULL
    );
INSERT INTO "public"."vocabulary_words" (
        "word_id",
        "category_id",
        "word",
        "pronunciation",
        "part_of_speech",
        "definition",
        "example_sentence",
        "audio_url",
        "difficulty_level",
        "paronymWords",
        "definitions",
        "image_url",
        "video_url"
    )
VALUES (
        5,
        1,
        'egg',
        'ɛɡ',
        'noun',
        'Quả trứng: Thực phẩm có vỏ cứng, bên trong chứa lòng trắng và lòng đỏ.',
        'Ví dụ: Tôi nấu trứng để ăn sáng.',
        'https://api.dictionaryapi.dev/media/pronunciations/en/egg-us.mp3',
        1,
        '{egg1,egg2,egg3}',
        '[{"definition": "Trứng là nguồn dinh dưỡng quan trọng."}]',
        'https://cdn.pixabay.com/photo/2016/03/23/15/14/egg-1275099_1280.jpg',
        NULL
    );
INSERT INTO "public"."vocabulary_words" (
        "word_id",
        "category_id",
        "word",
        "pronunciation",
        "part_of_speech",
        "definition",
        "example_sentence",
        "audio_url",
        "difficulty_level",
        "paronymWords",
        "definitions",
        "image_url",
        "video_url"
    )
VALUES (
        6,
        1,
        'fish',
        'fɪʃ',
        'noun',
        'Con cá: Sinh vật sống dưới nước, có vảy và dùng để làm thực phẩm.',
        'Ví dụ: Cá nướng rất ngon.',
        'https://api.dictionaryapi.dev/media/pronunciations/en/fish-us.mp3',
        1,
        '{fish1,fish2,fish3}',
        '[{"definition": "Cá là thực phẩm giàu protein."}]',
        'https://cdn.pixabay.com/photo/2017/08/07/15/07/fish-2602839_1280.jpg',
        NULL
    );
INSERT INTO "public"."vocabulary_words" (
        "word_id",
        "category_id",
        "word",
        "pronunciation",
        "part_of_speech",
        "definition",
        "example_sentence",
        "audio_url",
        "difficulty_level",
        "paronymWords",
        "definitions",
        "image_url",
        "video_url"
    )
VALUES (
        7,
        1,
        'goat',
        'ɡoʊt',
        'noun',
        'Con dê: Động vật nuôi có sữa và thịt, thường sống ở vùng nông thôn.',
        'Ví dụ: Con dê gặm cỏ trên đồng.',
        'https://api.dictionaryapi.dev/media/pronunciations/en/goat-us.mp3',
        1,
        '{goat1,goat2,goat3}',
        '[{"definition": "Dê là nguồn cung cấp sữa và thịt."}]',
        'https://cdn.pixabay.com/photo/2016/11/29/12/46/goat-1869383_1280.jpg',
        NULL
    );
INSERT INTO "public"."vocabulary_words" (
        "word_id",
        "category_id",
        "word",
        "pronunciation",
        "part_of_speech",
        "definition",
        "example_sentence",
        "audio_url",
        "difficulty_level",
        "paronymWords",
        "definitions",
        "image_url",
        "video_url"
    )
VALUES (
        8,
        1,
        'hat',
        'hæt',
        'noun',
        'Chiếc mũ: Phụ kiện đội trên đầu để bảo vệ hoặc làm đẹp.',
        'Ví dụ: Anh ấy đội mũ khi ra ngoài nắng.',
        'https://api.dictionaryapi.dev/media/pronunciations/en/hat-us.mp3',
        1,
        '{hat1,hat2,hat3}',
        '[{"definition": "Mũ là phụ kiện thời trang và bảo vệ đầu."}]',
        'https://cdn.pixabay.com/photo/2016/11/29/12/46/hat-1869384_1280.jpg',
        NULL
    );
INSERT INTO "public"."vocabulary_words" (
        "word_id",
        "category_id",
        "word",
        "pronunciation",
        "part_of_speech",
        "definition",
        "example_sentence",
        "audio_url",
        "difficulty_level",
        "paronymWords",
        "definitions",
        "image_url",
        "video_url"
    )
VALUES (
        9,
        1,
        'ice',
        'aɪs',
        'noun',
        'Đá: Nước đông cứng dùng trong đồ uống hoặc làm mát.',
        'Ví dụ: Đá tan nhanh trong cốc nước.',
        'https://api.dictionaryapi.dev/media/pronunciations/en/ice-us.mp3',
        1,
        '{ice1,ice2,ice3}',
        '[{"definition": "Đá được dùng để làm mát đồ uống."}]',
        'https://cdn.pixabay.com/photo/2017/01/31/23/52/ice-2027767_1280.jpg',
        NULL
    );
INSERT INTO "public"."vocabulary_words" (
        "word_id",
        "category_id",
        "word",
        "pronunciation",
        "part_of_speech",
        "definition",
        "example_sentence",
        "audio_url",
        "difficulty_level",
        "paronymWords",
        "definitions",
        "image_url",
        "video_url"
    )
VALUES (
        10,
        1,
        'juice',
        'dʒuːs',
        'noun',
        'Nước ép: Nước được ép từ trái cây hoặc rau củ.',
        'Ví dụ: Tôi uống nước cam ép.',
        'https://api.dictionaryapi.dev/media/pronunciations/en/juice-us.mp3',
        1,
        '{juice1,juice2,juice3}',
        '[{"definition": "Nước ép là thức uống giàu vitamin."}]',
        'https://cdn.pixabay.com/photo/2017/06/02/18/24/fruit-juice-2367022_1280.jpg',
        NULL
    );
INSERT INTO "public"."vocabulary_words" (
        "word_id",
        "category_id",
        "word",
        "pronunciation",
        "part_of_speech",
        "definition",
        "example_sentence",
        "audio_url",
        "difficulty_level",
        "paronymWords",
        "definitions",
        "image_url",
        "video_url"
    )
VALUES (
        11,
        1,
        'key',
        'kiː',
        'noun',
        'Chìa khoá: Dụng cụ dùng để mở khóa cửa hoặc két sắt.',
        'Ví dụ: Cô ấy mất chìa khoá nhà.',
        'https://api.dictionaryapi.dev/media/pronunciations/en/key-us.mp3',
        1,
        '{key1,key2,key3}',
        '[{"definition": "Chìa khoá mở cửa và bảo vệ tài sản."}]',
        'https://cdn.pixabay.com/photo/2016/11/23/17/57/key-1854373_1280.jpg',
        NULL
    );
INSERT INTO "public"."vocabulary_words" (
        "word_id",
        "category_id",
        "word",
        "pronunciation",
        "part_of_speech",
        "definition",
        "example_sentence",
        "audio_url",
        "difficulty_level",
        "paronymWords",
        "definitions",
        "image_url",
        "video_url"
    )
VALUES (
        12,
        1,
        'lion',
        'ˈlaɪ.ən',
        'noun',
        'Sư tử: Loài vật hoang dã, được mệnh danh là "vua của rừng xanh".',
        'Ví dụ: Sư tử gầm rú trong rừng.',
        'https://api.dictionaryapi.dev/media/pronunciations/en/lion-us.mp3',
        1,
        '{lion1,lion2,lion3}',
        '[{"definition": "Sư tử là biểu tượng của sức mạnh."}]',
        'https://cdn.pixabay.com/photo/2017/01/20/15/06/lion-1995089_1280.jpg',
        NULL
    );
INSERT INTO "public"."vocabulary_words" (
        "word_id",
        "category_id",
        "word",
        "pronunciation",
        "part_of_speech",
        "definition",
        "example_sentence",
        "audio_url",
        "difficulty_level",
        "paronymWords",
        "definitions",
        "image_url",
        "video_url"
    )
VALUES (
        13,
        1,
        'milk',
        'mɪlk',
        'noun',
        'Sữa: Dạng lỏng trắng do động vật cho ra, dùng làm thức uống và chế biến thực phẩm.',
        'Ví dụ: Trẻ em uống sữa để phát triển.',
        'https://api.dictionaryapi.dev/media/pronunciations/en/milk-us.mp3',
        1,
        '{milk1,milk2,milk3}',
        '[{"definition": "Sữa cung cấp canxi và dinh dưỡng."}]',
        'https://cdn.pixabay.com/photo/2017/07/05/15/42/milk-2474993_1280.jpg',
        NULL
    );
INSERT INTO "public"."vocabulary_words" (
        "word_id",
        "category_id",
        "word",
        "pronunciation",
        "part_of_speech",
        "definition",
        "example_sentence",
        "audio_url",
        "difficulty_level",
        "paronymWords",
        "definitions",
        "image_url",
        "video_url"
    )
VALUES (
        14,
        1,
        'nose',
        'noʊz',
        'noun',
        'Mũi: Bộ phận trên khuôn mặt dùng để ngửi và thở.',
        'Ví dụ: Cô cười nhăn mũi khi ngửi mùi hương thơm.',
        'https://api.dictionaryapi.dev/media/pronunciations/en/nose-us.mp3',
        1,
        '{nose1,nose2,nose3}',
        '[{"definition": "Mũi giúp con người ngửi và thở."}]',
        'https://cdn.pixabay.com/photo/2016/11/29/12/46/nose-1869385_1280.jpg',
        NULL
    );
INSERT INTO "public"."vocabulary_words" (
        "word_id",
        "category_id",
        "word",
        "pronunciation",
        "part_of_speech",
        "definition",
        "example_sentence",
        "audio_url",
        "difficulty_level",
        "paronymWords",
        "definitions",
        "image_url",
        "video_url"
    )
VALUES (
        15,
        1,
        'orange',
        'ˈɔːr.ɪndʒ',
        'noun',
        'Quả cam: Loại trái cây có vị chua ngọt và giàu vitamin C.',
        'Ví dụ: Tôi ăn một quả cam sau bữa trưa.',
        'https://api.dictionaryapi.dev/media/pronunciations/en/orange-us.mp3',
        1,
        '{orange1,orange2,orange3}',
        '[{"definition": "Cam giúp tăng cường hệ miễn dịch."}]',
        'https://cdn.pixabay.com/photo/2016/01/20/13/05/orange-1150699_1280.jpg',
        NULL
    );
INSERT INTO "public"."vocabulary_words" (
        "word_id",
        "category_id",
        "word",
        "pronunciation",
        "part_of_speech",
        "definition",
        "example_sentence",
        "audio_url",
        "difficulty_level",
        "paronymWords",
        "definitions",
        "image_url",
        "video_url"
    )
VALUES (
        16,
        1,
        'pen',
        'pɛn',
        'noun',
        'Bút: Dụng cụ để viết, thường sử dụng mực hoặc bút bi.',
        'Ví dụ: Học sinh dùng bút để viết bài.',
        'https://api.dictionaryapi.dev/media/pronunciations/en/pen-us.mp3',
        1,
        '{pen1,pen2,pen3}',
        '[{"definition": "Bút là công cụ viết cơ bản."}]',
        'https://cdn.pixabay.com/photo/2016/11/29/12/46/pen-1869386_1280.jpg',
        NULL
    );
INSERT INTO "public"."vocabulary_words" (
        "word_id",
        "category_id",
        "word",
        "pronunciation",
        "part_of_speech",
        "definition",
        "example_sentence",
        "audio_url",
        "difficulty_level",
        "paronymWords",
        "definitions",
        "image_url",
        "video_url"
    )
VALUES (
        17,
        1,
        'queen',
        'kwiːn',
        'noun',
        'Nữ hoàng: Người phụ nữ trị vì hoặc là biểu tượng của quyền lực trong một triều đại.',
        'Ví dụ: Nữ hoàng xuất hiện trong câu chuyện cổ tích.',
        'https://api.dictionaryapi.dev/media/pronunciations/en/queen-us.mp3',
        1,
        '{queen1,queen2,queen3}',
        '[{"definition": "Nữ hoàng là hình tượng quyền lực."}]',
        'https://cdn.pixabay.com/photo/2017/11/29/09/15/queen-2985566_1280.jpg',
        NULL
    );
INSERT INTO "public"."vocabulary_words" (
        "word_id",
        "category_id",
        "word",
        "pronunciation",
        "part_of_speech",
        "definition",
        "example_sentence",
        "audio_url",
        "difficulty_level",
        "paronymWords",
        "definitions",
        "image_url",
        "video_url"
    )
VALUES (
        18,
        1,
        'river',
        'ˈrɪv.ər',
        'noun',
        'Dòng sông: Khối nước lớn chảy qua thiên nhiên.',
        'Ví dụ: Dòng sông chảy êm đềm qua làng.',
        'https://api.dictionaryapi.dev/media/pronunciations/en/river-us.mp3',
        1,
        '{river1,river2,river3}',
        '[{"definition": "Sông cung cấp nguồn nước tự nhiên."}]',
        'https://cdn.pixabay.com/photo/2016/08/24/14/29/river-1617476_1280.jpg',
        NULL
    );
INSERT INTO "public"."vocabulary_words" (
        "word_id",
        "category_id",
        "word",
        "pronunciation",
        "part_of_speech",
        "definition",
        "example_sentence",
        "audio_url",
        "difficulty_level",
        "paronymWords",
        "definitions",
        "image_url",
        "video_url"
    )
VALUES (
        19,
        1,
        'sun',
        'sʌn',
        'noun',
        'Mặt trời: Ngôi sao trung tâm của hệ mặt trời, nguồn ánh sáng và năng lượng.',
        'Ví dụ: Mặt trời mọc rạng rỡ buổi sáng.',
        'https://api.dictionaryapi.dev/media/pronunciations/en/sun-us.mp3',
        1,
        '{sun1,sun2,sun3}',
        '[{"definition": "Mặt trời là nguồn năng lượng sống."}]',
        'https://cdn.pixabay.com/photo/2016/10/22/20/34/sun-1762407_1280.jpg',
        NULL
    );
INSERT INTO "public"."vocabulary_words" (
        "word_id",
        "category_id",
        "word",
        "pronunciation",
        "part_of_speech",
        "definition",
        "example_sentence",
        "audio_url",
        "difficulty_level",
        "paronymWords",
        "definitions",
        "image_url",
        "video_url"
    )
VALUES (
        20,
        1,
        'tree',
        'triː',
        'noun',
        'Cây: Sinh vật có thân gỗ, lá xanh, cung cấp oxy cho môi trường.',
        'Ví dụ: Cây cao vút trong công viên tạo bóng mát.',
        'https://api.dictionaryapi.dev/media/pronunciations/en/tree-us.mp3',
        1,
        '{tree1,tree2,tree3}',
        '[{"definition": "Cây xanh giúp cải thiện môi trường."}]',
        'https://cdn.pixabay.com/photo/2016/05/05/02/37/tree-1370667_1280.jpg',
        NULL
    );
INSERT INTO "public"."vocabulary_words" (
        "word_id",
        "category_id",
        "word",
        "pronunciation",
        "part_of_speech",
        "definition",
        "example_sentence",
        "audio_url",
        "difficulty_level",
        "paronymWords",
        "definitions",
        "image_url",
        "video_url"
    )
VALUES (
        21,
        2,
        'bicycle',
        'ˈbaɪ.sɪ.kəl',
        'noun',
        'Xe đạp: Phương tiện di chuyển bằng sức người với hai bánh.',
        'Ví dụ: Cậu bé đi xe đạp đến trường.',
        'https://api.dictionaryapi.dev/media/pronunciations/en/bicycle-us.mp3',
        2,
        '{bicycle1,bicycle2,bicycle3}',
        '[{"definition": "Xe đạp là phương tiện thân thiện với môi trường."}]',
        'https://cdn.pixabay.com/photo/2016/11/23/15/32/bicycle-1854346_1280.jpg',
        NULL
    );
INSERT INTO "public"."vocabulary_words" (
        "word_id",
        "category_id",
        "word",
        "pronunciation",
        "part_of_speech",
        "definition",
        "example_sentence",
        "audio_url",
        "difficulty_level",
        "paronymWords",
        "definitions",
        "image_url",
        "video_url"
    )
VALUES (
        22,
        2,
        'camera',
        'ˈkæm.rə',
        'noun',
        'Máy ảnh: Dụng cụ dùng để chụp ảnh.',
        'Ví dụ: Cô ấy dùng máy ảnh ghi lại những khoảnh khắc đẹp.',
        'https://api.dictionaryapi.dev/media/pronunciations/en/camera-us.mp3',
        2,
        '{camera1,camera2,camera3}',
        '[{"definition": "Máy ảnh ghi lại hình ảnh theo thời gian."}]',
        'https://cdn.pixabay.com/photo/2016/11/29/12/46/camera-1869387_1280.jpg',
        NULL
    );
INSERT INTO "public"."vocabulary_words" (
        "word_id",
        "category_id",
        "word",
        "pronunciation",
        "part_of_speech",
        "definition",
        "example_sentence",
        "audio_url",
        "difficulty_level",
        "paronymWords",
        "definitions",
        "image_url",
        "video_url"
    )
VALUES (
        23,
        2,
        'door',
        'dɔːr',
        'noun',
        'Cửa: Phần mở đóng của một ngôi nhà hay phòng.',
        'Ví dụ: Cửa mở ra cho ánh sáng tràn vào phòng.',
        'https://api.dictionaryapi.dev/media/pronunciations/en/door-us.mp3',
        2,
        '{door1,door2,door3}',
        '[{"definition": "Cửa là lối vào của mỗi không gian."}]',
        'https://cdn.pixabay.com/photo/2016/11/29/12/46/door-1869388_1280.jpg',
        NULL
    );
INSERT INTO "public"."vocabulary_words" (
        "word_id",
        "category_id",
        "word",
        "pronunciation",
        "part_of_speech",
        "definition",
        "example_sentence",
        "audio_url",
        "difficulty_level",
        "paronymWords",
        "definitions",
        "image_url",
        "video_url"
    )
VALUES (
        24,
        2,
        'elephant',
        'ˈel.ɪ.fənt',
        'noun',
        'Con voi: Động vật lớn với vòi dài và da dày.',
        'Ví dụ: Con voi di chuyển chậm rãi trong rừng.',
        'https://api.dictionaryapi.dev/media/pronunciations/en/elephant-us.mp3',
        2,
        '{elephant1,elephant2,elephant3}',
        '[{"definition": "Voi là biểu tượng của sức mạnh và trí nhớ."}]',
        'https://cdn.pixabay.com/photo/2016/11/14/03/02/elephant-1822636_1280.jpg',
        NULL
    );
INSERT INTO "public"."vocabulary_words" (
        "word_id",
        "category_id",
        "word",
        "pronunciation",
        "part_of_speech",
        "definition",
        "example_sentence",
        "audio_url",
        "difficulty_level",
        "paronymWords",
        "definitions",
        "image_url",
        "video_url"
    )
VALUES (
        25,
        2,
        'flower',
        'ˈflaʊ.ər',
        'noun',
        'Hoa: Bộ phận của cây tạo màu sắc và hương thơm.',
        'Ví dụ: Vườn hoa đầy những bông màu tươi sáng.',
        'https://api.dictionaryapi.dev/media/pronunciations/en/flower-us.mp3',
        2,
        '{flower1,flower2,flower3}',
        '[{"definition": "Hoa mang đến vẻ đẹp cho thiên nhiên."}]',
        'https://cdn.pixabay.com/photo/2016/08/09/21/54/flower-1582286_1280.jpg',
        NULL
    );
INSERT INTO "public"."vocabulary_words" (
        "word_id",
        "category_id",
        "word",
        "pronunciation",
        "part_of_speech",
        "definition",
        "example_sentence",
        "audio_url",
        "difficulty_level",
        "paronymWords",
        "definitions",
        "image_url",
        "video_url"
    )
VALUES (
        26,
        2,
        'guitar',
        'ɡɪˈtɑːr',
        'noun',
        'Đàn guitar: Nhạc cụ dây được gảy để tạo ra âm nhạc.',
        'Ví dụ: Anh chàng chơi guitar dưới ánh đèn sân khấu.',
        'https://api.dictionaryapi.dev/media/pronunciations/en/guitar-us.mp3',
        2,
        '{guitar1,guitar2,guitar3}',
        '[{"definition": "Guitar là nhạc cụ phổ biến trong nhiều thể loại âm nhạc."}]',
        'https://cdn.pixabay.com/photo/2016/11/22/23/08/guitar-1851111_1280.jpg',
        NULL
    );
INSERT INTO "public"."vocabulary_words" (
        "word_id",
        "category_id",
        "word",
        "pronunciation",
        "part_of_speech",
        "definition",
        "example_sentence",
        "audio_url",
        "difficulty_level",
        "paronymWords",
        "definitions",
        "image_url",
        "video_url"
    )
VALUES (
        27,
        2,
        'house',
        'haʊs',
        'noun',
        'Ngôi nhà: Nơi ở của gia đình, có tường và mái che.',
        'Ví dụ: Gia đình sum họp trong ngôi nhà ấm cúng.',
        'https://api.dictionaryapi.dev/media/pronunciations/en/house-us.mp3',
        2,
        '{house1,house2,house3}',
        '[{"definition": "Nhà là nơi trú ẩn và gắn kết gia đình."}]',
        'https://cdn.pixabay.com/photo/2016/11/18/17/46/house-1836070_1280.jpg',
        NULL
    );
INSERT INTO "public"."vocabulary_words" (
        "word_id",
        "category_id",
        "word",
        "pronunciation",
        "part_of_speech",
        "definition",
        "example_sentence",
        "audio_url",
        "difficulty_level",
        "paronymWords",
        "definitions",
        "image_url",
        "video_url"
    )
VALUES (
        28,
        2,
        'island',
        'ˈaɪ.lənd',
        'noun',
        'Hòn đảo: Miền đất nhỏ bao quanh bởi nước.',
        'Ví dụ: Họ nghỉ dưỡng trên một hòn đảo xinh đẹp.',
        'https://api.dictionaryapi.dev/media/pronunciations/en/island-us.mp3',
        2,
        '{island1,island2,island3}',
        '[{"definition": "Đảo mang lại không gian yên tĩnh giữa biển cả."}]',
        'https://cdn.pixabay.com/photo/2016/11/29/12/46/island-1869389_1280.jpg',
        NULL
    );
INSERT INTO "public"."vocabulary_words" (
        "word_id",
        "category_id",
        "word",
        "pronunciation",
        "part_of_speech",
        "definition",
        "example_sentence",
        "audio_url",
        "difficulty_level",
        "paronymWords",
        "definitions",
        "image_url",
        "video_url"
    )
VALUES (
        29,
        2,
        'jacket',
        'ˈdʒæk.ɪt',
        'noun',
        'Áo khoác: Trang phục bên ngoài để giữ ấm hoặc thời trang.',
        'Ví dụ: Cậu bé mặc áo khoác khi trời se lạnh.',
        'https://api.dictionaryapi.dev/media/pronunciations/en/jacket-us.mp3',
        2,
        '{jacket1,jacket2,jacket3}',
        '[{"definition": "Áo khoác bảo vệ cơ thể khỏi gió lạnh."}]',
        'https://cdn.pixabay.com/photo/2016/11/29/12/46/jacket-1869390_1280.jpg',
        NULL
    );
INSERT INTO "public"."vocabulary_words" (
        "word_id",
        "category_id",
        "word",
        "pronunciation",
        "part_of_speech",
        "definition",
        "example_sentence",
        "audio_url",
        "difficulty_level",
        "paronymWords",
        "definitions",
        "image_url",
        "video_url"
    )
VALUES (
        30,
        2,
        'kite',
        'kaɪt',
        'noun',
        'Diều: Đồ chơi bay được điều khiển bằng dây.',
        'Ví dụ: Trẻ em tung diều trên bãi cỏ.',
        'https://api.dictionaryapi.dev/media/pronunciations/en/kite-us.mp3',
        2,
        '{kite1,kite2,kite3}',
        '[{"definition": "Diều là trò chơi ngoài trời vui nhộn."}]',
        'https://cdn.pixabay.com/photo/2016/11/29/12/46/kite-1869391_1280.jpg',
        NULL
    );
INSERT INTO "public"."vocabulary_words" (
        "word_id",
        "category_id",
        "word",
        "pronunciation",
        "part_of_speech",
        "definition",
        "example_sentence",
        "audio_url",
        "difficulty_level",
        "paronymWords",
        "definitions",
        "image_url",
        "video_url"
    )
VALUES (
        31,
        2,
        'lamp',
        'læmp',
        'noun',
        'Đèn: Thiết bị phát sáng để chiếu sáng không gian.',
        'Ví dụ: Căn phòng trở nên sáng sủa với chiếc đèn mới.',
        'https://api.dictionaryapi.dev/media/pronunciations/en/lamp-us.mp3',
        2,
        '{lamp1,lamp2,lamp3}',
        '[{"definition": "Đèn giúp tạo ra ánh sáng cho không gian sống."}]',
        'https://cdn.pixabay.com/photo/2016/11/29/12/46/lamp-1869392_1280.jpg',
        NULL
    );
INSERT INTO "public"."vocabulary_words" (
        "word_id",
        "category_id",
        "word",
        "pronunciation",
        "part_of_speech",
        "definition",
        "example_sentence",
        "audio_url",
        "difficulty_level",
        "paronymWords",
        "definitions",
        "image_url",
        "video_url"
    )
VALUES (
        32,
        2,
        'mountain',
        'ˈmaʊn.tɪn',
        'noun',
        'Ngọn núi: Địa hình cao, thường là điểm đến của du khách.',
        'Ví dụ: Họ leo núi để ngắm cảnh thiên nhiên hùng vĩ.',
        'https://api.dictionaryapi.dev/media/pronunciations/en/mountain-us.mp3',
        2,
        '{mountain1,mountain2,mountain3}',
        '[{"definition": "Núi cao mang lại cảnh quan thiên nhiên ấn tượng."}]',
        'https://cdn.pixabay.com/photo/2016/08/16/17/29/mountain-1598913_1280.jpg',
        NULL
    );
INSERT INTO "public"."vocabulary_words" (
        "word_id",
        "category_id",
        "word",
        "pronunciation",
        "part_of_speech",
        "definition",
        "example_sentence",
        "audio_url",
        "difficulty_level",
        "paronymWords",
        "definitions",
        "image_url",
        "video_url"
    )
VALUES (
        33,
        2,
        'notebook',
        'ˈnoʊt.bʊk',
        'noun',
        'Quyển vở: Dụng cụ để ghi chép học tập và công việc.',
        'Ví dụ: Học sinh ghi bài vào quyển vở mới.',
        'https://api.dictionaryapi.dev/media/pronunciations/en/notebook-us.mp3',
        2,
        '{notebook1,notebook2,notebook3}',
        '[{"definition": "Notebook là công cụ hữu ích cho việc học tập."}]',
        'https://cdn.pixabay.com/photo/2016/11/29/12/46/notebook-1869393_1280.jpg',
        NULL
    );
INSERT INTO "public"."vocabulary_words" (
        "word_id",
        "category_id",
        "word",
        "pronunciation",
        "part_of_speech",
        "definition",
        "example_sentence",
        "audio_url",
        "difficulty_level",
        "paronymWords",
        "definitions",
        "image_url",
        "video_url"
    )
VALUES (
        34,
        2,
        'ocean',
        'ˈoʊ.ʃən',
        'noun',
        'Đại dương: Khối nước mênh mông bao quanh lục địa.',
        'Ví dụ: Đại dương xanh bao la kéo dài đến chân trời.',
        'https://api.dictionaryapi.dev/media/pronunciations/en/ocean-us.mp3',
        2,
        '{ocean1,ocean2,ocean3}',
        '[{"definition": "Đại dương là nguồn sống của nhiều sinh vật biển."}]',
        'https://cdn.pixabay.com/photo/2016/08/16/17/29/ocean-1598914_1280.jpg',
        NULL
    );
INSERT INTO "public"."vocabulary_words" (
        "word_id",
        "category_id",
        "word",
        "pronunciation",
        "part_of_speech",
        "definition",
        "example_sentence",
        "audio_url",
        "difficulty_level",
        "paronymWords",
        "definitions",
        "image_url",
        "video_url"
    )
VALUES (
        35,
        2,
        'pencil',
        'ˈpɛn.səl',
        'noun',
        'Bút chì: Dụng cụ viết có đầu bằng than chì.',
        'Ví dụ: Học sinh vẽ tranh bằng bút chì.',
        'https://api.dictionaryapi.dev/media/pronunciations/en/pencil-us.mp3',
        2,
        '{pencil1,pencil2,pencil3}',
        '[{"definition": "Bút chì là dụng cụ viết quen thuộc trong học tập."}]',
        'https://cdn.pixabay.com/photo/2016/11/29/12/46/pencil-1869394_1280.jpg',
        NULL
    );
INSERT INTO "public"."vocabulary_words" (
        "word_id",
        "category_id",
        "word",
        "pronunciation",
        "part_of_speech",
        "definition",
        "example_sentence",
        "audio_url",
        "difficulty_level",
        "paronymWords",
        "definitions",
        "image_url",
        "video_url"
    )
VALUES (
        36,
        2,
        'radio',
        'ˈreɪ.di.oʊ',
        'noun',
        'Đài radio: Thiết bị thu phát sóng âm thanh.',
        'Ví dụ: Gia đình cùng nghe tin tức qua đài radio.',
        'https://api.dictionaryapi.dev/media/pronunciations/en/radio-us.mp3',
        2,
        '{radio1,radio2,radio3}',
        '[{"definition": "Radio là nguồn thông tin và giải trí."}]',
        'https://cdn.pixabay.com/photo/2016/11/29/12/46/radio-1869395_1280.jpg',
        NULL
    );
INSERT INTO "public"."vocabulary_words" (
        "word_id",
        "category_id",
        "word",
        "pronunciation",
        "part_of_speech",
        "definition",
        "example_sentence",
        "audio_url",
        "difficulty_level",
        "paronymWords",
        "definitions",
        "image_url",
        "video_url"
    )
VALUES (
        37,
        2,
        'star',
        'stɑːr',
        'noun',
        'Ngôi sao: Thiên thể phát sáng trên bầu trời.',
        'Ví dụ: Trời đêm lấp lánh với các ngôi sao.',
        'https://api.dictionaryapi.dev/media/pronunciations/en/star-us.mp3',
        2,
        '{star1,star2,star3}',
        '[{"definition": "Ngôi sao là biểu tượng của ước mơ và hy vọng."}]',
        'https://cdn.pixabay.com/photo/2016/11/29/12/46/star-1869396_1280.jpg',
        NULL
    );
INSERT INTO "public"."vocabulary_words" (
        "word_id",
        "category_id",
        "word",
        "pronunciation",
        "part_of_speech",
        "definition",
        "example_sentence",
        "audio_url",
        "difficulty_level",
        "paronymWords",
        "definitions",
        "image_url",
        "video_url"
    )
VALUES (
        38,
        2,
        'table',
        'ˈteɪ.bəl',
        'noun',
        'Cái bàn: Đồ nội thất dùng để ăn, làm việc hoặc học tập.',
        'Ví dụ: Gia đình quây quần bên bàn ăn.',
        'https://api.dictionaryapi.dev/media/pronunciations/en/table-us.mp3',
        2,
        '{table1,table2,table3}',
        '[{"definition": "Bàn là nơi tụ họp và trao đổi thông tin."}]',
        'https://cdn.pixabay.com/photo/2016/11/29/12/46/table-1869397_1280.jpg',
        NULL
    );
INSERT INTO "public"."vocabulary_words" (
        "word_id",
        "category_id",
        "word",
        "pronunciation",
        "part_of_speech",
        "definition",
        "example_sentence",
        "audio_url",
        "difficulty_level",
        "paronymWords",
        "definitions",
        "image_url",
        "video_url"
    )
VALUES (
        39,
        2,
        'umbrella',
        'ʌmˈbrel.ə',
        'noun',
        'Cái ô: Dụng cụ dùng để che mưa hoặc nắng.',
        'Ví dụ: Cô mang theo cái ô khi trời mưa.',
        'https://api.dictionaryapi.dev/media/pronunciations/en/umbrella-us.mp3',
        2,
        '{umbrella1,umbrella2,umbrella3}',
        '[{"definition": "Ô bảo vệ bạn khỏi mưa và nắng."}]',
        'https://cdn.pixabay.com/photo/2016/11/29/12/46/umbrella-1869398_1280.jpg',
        NULL
    );
INSERT INTO "public"."vocabulary_words" (
        "word_id",
        "category_id",
        "word",
        "pronunciation",
        "part_of_speech",
        "definition",
        "example_sentence",
        "audio_url",
        "difficulty_level",
        "paronymWords",
        "definitions",
        "image_url",
        "video_url"
    )
VALUES (
        40,
        2,
        'violin',
        'ˌvaɪ.əˈlɪn',
        'noun',
        'Đàn vĩ cầm: Nhạc cụ dây được chơi bằng cung.',
        'Ví dụ: Nhạc sĩ biểu diễn đàn vĩ cầm đầy cảm xúc.',
        'https://api.dictionaryapi.dev/media/pronunciations/en/violin-us.mp3',
        2,
        '{violin1,violin2,violin3}',
        '[{"definition": "Violin là nhạc cụ được sử dụng trong nhiều thể loại âm nhạc."}]',
        'https://cdn.pixabay.com/photo/2016/11/29/12/46/violin-1869399_1280.jpg',
        NULL
    );
INSERT INTO "public"."users" (
        "username",
        "email",
        "password_hash",
        "full_name",
        "avatar_url",
        "current_level",
        "total_points",
        "streak_days",
        "last_active_date",
        "created_at",
        "updated_at",
        "user_id",
        "role"
    )
VALUES (
        'admin',
        'admin@gmail.com',
        '240be518fabd2724ddb6f04eeb1da5967448d7e831c08c8fa822809f74c720a9',
        'admin',
        NULL,
        10,
        0,
        0,
        NULL,
        '2025-04-22 19:36:57.937+00',
        '2025-04-22 19:36:57.937+00',
        '73127b80-e06f-4cab-b3af-5f67a939f739',
        'admin'
    );
INSERT INTO "public"."users" (
        "username",
        "email",
        "password_hash",
        "full_name",
        "avatar_url",
        "current_level",
        "total_points",
        "streak_days",
        "last_active_date",
        "created_at",
        "updated_at",
        "user_id",
        "role"
    )
VALUES (
        'Vỹ Vỹ',
        'vy381802@gmail.com',
        'bcb15f821479b4d5772bd0ca866c00ad5f926e3580720659cc80d39c9d09802a',
        'Đoàn Vỹ Vỹ',
        NULL,
        1,
        1035,
        10,
        '2025-05-12 15:11:59.083',
        '2025-04-22 17:32:59.403+00',
        '2025-05-12 15:11:59.083+00',
        'e0fd98d4-5eb1-4d55-a8b9-a1845e8925f9',
        'user'
    );